county,year,flood_events,drought_events,heatwave_days,people_affected_thousands,economic_loss_millions_kes
Kisii,2000,0,0,4,10.1,8.8
Kisii,2001,2,0,0,50.4,181.1
Kisii,2002,1,0,4,8.4,46.4
Kisii,2003,0,4,2,19.7,21.9
Kisii,2004,1,1,3,39.4,12.3
Kisii,2005,2,0,2,34.0,41.3
Kisii,2006,2,0,5,6.2,170.0
Kisii,2007,1,2,9,17.0,182.0
Kisii,2008,4,1,10,11.4,111.9
Kisii,2009,2,3,6,35.2,162.2
Kisii,2010,3,1,11,60.5,97.2
Kisii,2011,4,4,10,36.1,253.4
Kisii,2012,4,2,8,47.3,74.8
Kisii,2013,0,2,11,28.7,163.7
Kisii,2014,2,0,10,3.3,197.2
Kisii,2015,1,4,11,17.9,115.8
Kisii,2016,4,0,13,26.5,116.9
Kisii,2017,1,0,16,56.7,41.8
Kisii,2018,1,0,13,5.0,45.3
Kisii,2019,2,3,16,34.4,136.4
Kisii,2020,0,3,18,1.7,154.6
Kisii,2021,1,1,17,70.0,97.6
Kisii,2022,2,1,19,65.3,22.3
Kisii,2023,4,2,18,48.1,310.2
Kisii,2024,2,0,21,78.9,298.0
Kisii,2025,2,3,17,4.6,68.1
Turkana,2000,2,4,0,8.5,36.9
Turkana,2001,2,8,3,40.0,176.9
Turkana,2002,4,4,0,3.8,177.2
Turkana,2003,1,3,3,32.8,7.6
Turkana,2004,1,9,2,18.3,71.3
Turkana,2005,0,5,8,15.8,24.7
Turkana,2006,1,8,7,49.7,117.1
Turkana,2007,1,4,5,37.6,174.4
Turkana,2008,0,4,11,50.2,132.4
Turkana,2009,1,8,8,30.3,68.7
Turkana,2010,2,2,11,12.9,229.0
Turkana,2011,3,13,8,44.3,202.6
Turkana,2012,0,4,8,23.4,64.6
Turkana,2013,2,5,8,48.7,250.2
Turkana,2014,0,2,12,10.8,55.0
Turkana,2015,1,4,14,15.0,94.8
Turkana,2016,0,7,16,41.8,56.3
Turkana,2017,2,9,14,7.9,174.4
Turkana,2018,2,6,13,39.0,100.9
Turkana,2019,1,9,15,10.9,160.8
Turkana,2020,0,4,18,11.2,165.4
Turkana,2021,1,4,15,25.6,282.6
Turkana,2022,1,5,20,33.0,171.0
Turkana,2023,0,7,21,29.2,259.2
Turkana,2024,3,10,17,73.8,259.1
Turkana,2025,1,5,24,20.6,291.0
Baringo,2000,2,1,4,17.8,120.6
Baringo,2001,0,0,0,17.8,84.4
Baringo,2002,3,1,6,44.3,25.6
Baringo,2003,2,0,3,12.2,134.5
Baringo,2004,1,2,1,4.3,44.4
Baringo,2005,1,5,2,20.7,23.0
Baringo,2006,2,0,5,42.9,160.2
Baringo,2007,1,2,9,32.6,105.8
Baringo,2008,1,1,5,16.1,63.0
Baringo,2009,1,2,5,51.9,40.0
Baringo,2010,0,2,10,32.7,201.1
Baringo,2011,2,2,11,9.6,13.3
Baringo,2012,3,4,12,26.3,187.5
Baringo,2013,2,6,8,3.5,28.4
Baringo,2014,2,1,12,4.3,193.6
Baringo,2015,1,0,14,45.3,254.2
Baringo,2016,1,1,11,67.6,138.1
Baringo,2017,3,0,14,2.2,283.5
Baringo,2018,2,1,16,5.0,138.5
Baringo,2019,1,1,13,20.5,158.2
Baringo,2020,1,1,19,6.2,232.6
Baringo,2021,0,2,21,50.6,202.5
Baringo,2022,4,0,19,4.4,56.0
Baringo,2023,0,0,23,40.4,223.8
Baringo,2024,2,1,17,11.8,243.8
Baringo,2025,0,2,19,80.2,238.6
Uasin Gishu,2000,0,0,0,21.8,7.0
Uasin Gishu,2001,0,2,3,11.2,10.2
Uasin Gishu,2002,2,0,0,8.8,36.5
Uasin Gishu,2003,0,0,6,30.7,214.9
Uasin Gishu,2004,1,0,6,38.0,190.0
Uasin Gishu,2005,0,1,2,26.1,100.4
Uasin Gishu,2006,0,1,3,42.5,200.4
Uasin Gishu,2007,2,1,6,43.9,166.7
Uasin Gishu,2008,1,0,7,46.6,80.9
Uasin Gishu,2009,2,1,7,9.0,169.7
Uasin Gishu,2010,1,3,12,55.2,129.1
Uasin Gishu,2011,1,0,10,45.8,237.5
Uasin Gishu,2012,1,2,9,50.2,10.9
Uasin Gishu,2013,3,1,9,4.9,30.5
Uasin Gishu,2014,2,0,13,19.0,149.2
Uasin Gishu,2015,2,0,14,52.2,246.8
Uasin Gishu,2016,0,1,12,51.1,191.0
Uasin Gishu,2017,1,1,14,55.5,167.1
Uasin Gishu,2018,1,3,12,65.8,169.1
Uasin Gishu,2019,4,2,12,58.4,187.8
Uasin Gishu,2020,2,2,13,62.1,261.2
Uasin Gishu,2021,1,0,20,71.2,120.4
Uasin Gishu,2022,0,3,22,29.9,93.5
Uasin Gishu,2023,0,1,22,71.6,271.4
Uasin Gishu,2024,1,1,20,60.0,273.4
Uasin Gishu,2025,0,0,19,70.7,135.2
Elgeyo Marakwet,2000,1,4,0,15.7,40.8
Elgeyo Marakwet,2001,1,2,0,38.7,167.0
Elgeyo Marakwet,2002,1,0,0,35.0,148.2
Elgeyo Marakwet,2003,1,0,5,4.0,18.8
Elgeyo Marakwet,2004,0,2,2,50.8,72.9
Elgeyo Marakwet,2005,1,0,3,4.9,34.0
Elgeyo Marakwet,2006,0,0,4,24.5,199.2
Elgeyo Marakwet,2007,0,2,10,1.8,110.9
Elgeyo Marakwet,2008,0,0,7,56.4,59.5
Elgeyo Marakwet,2009,2,1,11,48.9,201.0
Elgeyo Marakwet,2010,1,1,11,9.5,36.4
Elgeyo Marakwet,2011,1,0,7,23.6,104.5
Elgeyo Marakwet,2012,0,2,14,59.0,259.2
Elgeyo Marakwet,2013,0,1,9,6.9,149.4
Elgeyo Marakwet,2014,0,3,10,22.6,55.2
Elgeyo Marakwet,2015,0,4,11,67.8,192.1
Elgeyo Marakwet,2016,1,2,13,55.3,100.6
Elgeyo Marakwet,2017,2,3,14,24.6,126.4
Elgeyo Marakwet,2018,0,0,12,23.8,190.9
Elgeyo Marakwet,2019,0,2,19,19.2,48.5
Elgeyo Marakwet,2020,2,4,18,21.4,103.5
Elgeyo Marakwet,2021,0,3,16,20.3,238.4
Elgeyo Marakwet,2022,0,0,15,13.4,18.8
Elgeyo Marakwet,2023,0,3,16,6.3,137.1
Elgeyo Marakwet,2024,1,0,18,6.6,53.3
Elgeyo Marakwet,2025,2,1,22,55.9,154.1
Kwale,2000,2,2,3,49.3,154.5
Kwale,2001,1,1,0,48.9,83.2
Kwale,2002,0,1,5,45.4,19.5
Kwale,2003,0,2,5,36.4,151.0
Kwale,2004,0,0,1,10.9,8.0
Kwale,2005,1,1,2,19.0,95.8
Kwale,2006,0,1,5,56.6,210.1
Kwale,2007,1,2,9,27.7,76.1
Kwale,2008,0,1,11,27.7,177.7
Kwale,2009,4,3,6,41.5,188.6
Kwale,2010,1,3,13,40.7,247.0
Kwale,2011,2,0,11,61.7,179.2
Kwale,2012,0,0,13,19.1,183.1
Kwale,2013,1,1,8,60.7,55.6
Kwale,2014,2,1,11,2.1,97.1
Kwale,2015,2,1,9,64.8,192.8
Kwale,2016,2,1,15,41.0,275.7
Kwale,2017,0,3,14,49.1,83.2
Kwale,2018,1,0,19,48.8,118.7
Kwale,2019,4,2,18,58.5,141.5
Kwale,2020,2,0,18,36.4,120.9
Kwale,2021,2,1,15,31.4,148.2
Kwale,2022,2,2,21,10.1,182.5
Kwale,2023,3,2,19,52.6,29.5
Kwale,2024,1,1,18,11.7,90.2
Kwale,2025,1,1,25,34.4,130.6
Lamu,2000,0,0,1,2.7,103.6
Lamu,2001,1,3,0,47.0,78.8
Lamu,2002,0,0,5,22.2,202.8
Lamu,2003,1,0,3,15.1,99.8
Lamu,2004,0,0,6,51.7,106.8
Lamu,2005,2,1,6,40.0,129.7
Lamu,2006,2,1,3,22.9,139.7
Lamu,2007,2,1,7,10.1,118.9
Lamu,2008,2,0,3,43.0,36.7
Lamu,2009,1,3,11,44.9,48.2
Lamu,2010,1,1,6,35.4,21.8
Lamu,2011,1,3,13,17.0,99.6
Lamu,2012,3,2,10,14.7,222.2
Lamu,2013,1,1,11,33.9,119.0
Lamu,2014,1,1,10,9.1,210.8
Lamu,2015,0,2,10,47.9,30.2
Lamu,2016,0,3,13,43.1,179.7
Lamu,2017,0,1,18,44.0,119.1
Lamu,2018,3,2,18,26.5,166.1
Lamu,2019,1,0,15,22.5,264.2
Lamu,2020,1,0,19,38.9,121.4
Lamu,2021,0,0,21,52.6,197.6
Lamu,2022,1,2,15,1.7,89.7
Lamu,2023,0,2,23,15.5,222.9
Lamu,2024,2,3,22,2.1,45.6
Lamu,2025,2,2,24,59.3,301.9
Garissa,2000,0,1,2,28.5,101.6
Garissa,2001,1,3,0,49.7,153.3
Garissa,2002,0,6,0,25.5,148.4
Garissa,2003,1,3,2,20.6,80.3
Garissa,2004,0,6,6,1.2,107.7
Garissa,2005,0,4,3,26.9,114.3
Garissa,2006,0,5,4,29.6,135.2
Garissa,2007,0,2,7,8.0,40.4
Garissa,2008,1,6,7,20.1,76.4
Garissa,2009,1,5,5,32.7,154.0
Garissa,2010,0,6,9,25.6,229.1
Garissa,2011,1,6,13,23.6,20.3
Garissa,2012,1,4,11,18.0,102.6
Garissa,2013,0,4,13,36.0,195.5
Garissa,2014,1,7,10,54.4,241.0
Garissa,2015,1,9,10,36.4,98.1
Garissa,2016,1,7,17,41.9,186.9
Garissa,2017,1,4,12,71.1,183.6
Garissa,2018,0,6,13,46.8,198.1
Garissa,2019,4,5,17,30.2,252.4
Garissa,2020,2,4,20,54.2,217.1
Garissa,2021,1,8,15,51.7,254.1
Garissa,2022,1,5,22,23.4,183.1
Garissa,2023,0,6,23,40.5,190.9
Garissa,2024,0,7,19,56.5,167.9
Garissa,2025,2,7,24,19.4,56.3
Taita Taveta,2000,3,1,0,7.7,163.0
Taita Taveta,2001,2,0,1,27.8,166.9
Taita Taveta,2002,2,3,5,4.0,40.9
Taita Taveta,2003,2,1,6,17.3,146.4
Taita Taveta,2004,0,0,1,33.5,169.9
Taita Taveta,2005,1,2,1,37.8,50.2
Taita Taveta,2006,2,2,5,42.0,194.6
Taita Taveta,2007,2,1,9,46.9,50.5
Taita Taveta,2008,1,4,6,32.0,217.8
Taita Taveta,2009,2,1,9,48.1,22.0
Taita Taveta,2010,1,0,12,35.6,229.1
Taita Taveta,2011,0,3,14,4.9,105.1
Taita Taveta,2012,0,0,9,53.1,178.0
Taita Taveta,2013,0,3,15,1.5,251.1
Taita Taveta,2014,0,0,16,58.5,159.6
Taita Taveta,2015,1,1,13,8.8,141.9
Taita Taveta,2016,2,4,14,25.6,214.7
Taita Taveta,2017,1,0,16,60.6,77.2
Taita Taveta,2018,1,2,14,53.0,34.3
Taita Taveta,2019,1,1,18,29.7,14.1
Taita Taveta,2020,2,2,19,41.3,219.2
Taita Taveta,2021,3,0,20,74.4,177.1
Taita Taveta,2022,1,1,22,77.3,30.9
Taita Taveta,2023,0,2,18,30.7,238.5
Taita Taveta,2024,6,0,23,13.2,301.6
Taita Taveta,2025,1,2,19,47.0,88.4
Machakos,2000,3,1,0,19.4,171.6
Machakos,2001,3,2,4,12.3,55.0
Machakos,2002,1,2,2,42.0,157.4
Machakos,2003,1,0,7,47.4,91.2
Machakos,2004,2,1,7,12.2,17.0
Machakos,2005,1,0,5,19.7,55.6
Machakos,2006,0,0,4,11.8,157.8
Machakos,2007,2,0,6,7.6,22.4
Machakos,2008,0,0,8,11.8,227.0
Machakos,2009,1,0,11,26.8,168.6
Machakos,2010,1,0,11,52.0,238.3
Machakos,2011,2,1,6,53.8,89.7
Machakos,2012,1,1,9,55.7,26.7
Machakos,2013,0,3,12,64.6,210.1
Machakos,2014,1,1,12,22.1,123.9
Machakos,2015,3,1,15,18.3,230.6
Machakos,2016,1,1,15,35.1,269.8
Machakos,2017,2,1,12,30.2,187.8
Machakos,2018,0,0,14,57.3,198.7
Machakos,2019,2,1,15,45.7,122.7
Machakos,2020,1,2,20,38.1,169.5
Machakos,2021,3,1,17,68.8,189.5
Machakos,2022,1,3,16,41.4,72.4
Machakos,2023,0,5,23,41.9,57.7
Machakos,2024,2,3,19,62.1,54.3
Machakos,2025,2,0,25,22.0,84.6
Tana River,2000,1,5,0,39.9,197.0
Tana River,2001,3,2,4,22.0,115.2
Tana River,2002,2,2,3,24.9,140.9
Tana River,2003,2,2,0,11.9,195.9
Tana River,2004,6,2,8,28.5,84.2
Tana River,2005,4,3,5,22.4,36.0
Tana River,2006,4,3,8,53.9,191.0
Tana River,2007,4,3,3,20.8,53.4
Tana River,2008,5,3,7,40.2,200.7
Tana River,2009,3,2,8,25.0,23.3
Tana River,2010,7,4,6,4.3,189.4
Tana River,2011,4,7,12,58.0,140.3
Tana River,2012,1,2,14,40.5,244.0
Tana River,2013,3,3,14,54.1,63.2
Tana River,2014,1,5,12,45.9,122.5
Tana River,2015,2,2,10,56.8,211.9
Tana River,2016,6,5,13,52.6,81.1
Tana River,2017,2,5,14,46.1,259.0
Tana River,2018,5,2,19,52.4,22.9
Tana River,2019,3,7,14,36.2,157.1
Tana River,2020,9,3,14,7.0,226.2
Tana River,2021,4,6,17,41.3,165.8
Tana River,2022,8,5,21,14.0,205.4
Tana River,2023,1,7,21,13.4,205.3
Tana River,2024,4,6,20,8.3,112.4
Tana River,2025,7,7,24,2.7,322.8
Vihiga,2000,2,1,0,46.5,114.2
Vihiga,2001,0,1,0,7.2,79.2
Vihiga,2002,1,1,4,44.3,145.1
Vihiga,2003,1,2,7,33.6,128.3
Vihiga,2004,0,3,6,5.6,155.3
Vihiga,2005,4,0,8,38.2,174.9
Vihiga,2006,0,1,7,26.9,182.7
Vihiga,2007,2,1,9,54.0,215.6
Vihiga,2008,2,2,11,30.3,198.5
Vihiga,2009,2,2,7,59.3,221.1
Vihiga,2010,1,1,5,40.1,191.1
Vihiga,2011,0,4,14,35.1,205.0
Vihiga,2012,0,1,9,3.4,45.2
Vihiga,2013,1,4,12,8.3,79.7
Vihiga,2014,2,1,15,19.3,105.9
Vihiga,2015,3,3,15,54.3,255.1
Vihiga,2016,0,2,14,48.1,56.7
Vihiga,2017,0,2,16,60.7,47.1
Vihiga,2018,1,3,15,27.4,182.7
Vihiga,2019,2,5,13,21.1,31.4
Vihiga,2020,0,1,20,34.0,247.4
Vihiga,2021,0,2,18,60.2,11.6
Vihiga,2022,2,0,22,14.2,262.4
Vihiga,2023,6,0,16,66.9,13.1
Vihiga,2024,0,2,17,33.6,167.6
Vihiga,2025,1,3,17,45.4,192.9
Bomet,2000,0,1,4,28.3,180.4
Bomet,2001,1,1,1,35.0,113.2
Bomet,2002,2,1,4,38.7,12.1
Bomet,2003,2,1,5,41.3,193.2
Bomet,2004,4,1,2,28.6,81.0
Bomet,2005,3,1,4,55.4,72.7
Bomet,2006,2,2,3,8.3,214.0
Bomet,2007,2,4,9,51.7,67.3
Bomet,2008,0,0,5,50.4,78.2
Bomet,2009,0,2,8,23.8,212.1
Bomet,2010,2,0,7,19.7,115.4
Bomet,2011,1,1,6,55.9,124.0
Bomet,2012,1,1,13,51.2,206.7
Bomet,2013,1,2,8,40.3,134.9
Bomet,2014,0,3,15,3.6,65.8
Bomet,2015,2,0,16,46.3,174.7
Bomet,2016,1,1,17,7.7,241.5
Bomet,2017,0,3,16,5.0,14.9
Bomet,2018,0,0,12,6.0,184.1
Bomet,2019,0,0,18,28.3,163.3
Bomet,2020,1,4,14,50.2,156.9
Bomet,2021,2,4,20,18.4,43.0
Bomet,2022,1,2,16,9.3,308.8
Bomet,2023,2,0,21,77.5,158.2
Bomet,2024,0,1,19,59.2,72.6
Bomet,2025,0,2,23,20.9,117.7
Nakuru,2000,1,0,0,34.2,182.2
Nakuru,2001,1,0,0,23.8,200.4
Nakuru,2002,1,0,5,26.1,132.0
Nakuru,2003,2,1,0,9.4,34.1
Nakuru,2004,2,1,1,4.2,103.5
Nakuru,2005,1,2,8,52.6,22.3
Nakuru,2006,0,1,7,13.5,191.5
Nakuru,2007,1,1,6,23.6,210.6
Nakuru,2008,1,1,7,3.6,150.0
Nakuru,2009,2,2,7,31.1,37.8
Nakuru,2010,1,3,8,45.5,151.2
Nakuru,2011,1,2,10,49.9,167.5
Nakuru,2012,1,1,11,59.6,259.0
Nakuru,2013,1,0,11,62.0,125.6
Nakuru,2014,5,2,16,46.7,81.1
Nakuru,2015,3,1,16,33.1,126.5
Nakuru,2016,1,0,16,45.5,159.9
Nakuru,2017,1,1,16,4.4,108.4
Nakuru,2018,1,2,15,70.4,77.9
Nakuru,2019,5,1,12,58.3,56.0
Nakuru,2020,4,2,15,47.2,184.7
Nakuru,2021,3,0,14,70.5,62.4
Nakuru,2022,5,1,21,21.2,297.1
Nakuru,2023,2,0,18,62.3,90.0
Nakuru,2024,0,0,17,52.6,281.9
Nakuru,2025,1,4,21,70.6,179.2
Nandi,2000,2,2,0,46.1,159.7
Nandi,2001,4,1,3,30.0,78.5
Nandi,2002,3,1,5,1.3,138.2
Nandi,2003,2,1,1,32.6,38.1
Nandi,2004,1,0,7,15.6,47.2
Nandi,2005,2,2,6,43.6,170.6
Nandi,2006,1,1,4,4.7,191.3
Nandi,2007,1,3,10,21.5,128.4
Nandi,2008,1,1,9,21.2,163.1
Nandi,2009,2,3,6,50.6,81.8
Nandi,2010,2,1,7,6.8,193.5
Nandi,2011,1,1,7,47.1,19.8
Nandi,2012,3,2,12,4.4,69.9
Nandi,2013,3,2,8,49.4,260.4
Nandi,2014,0,2,13,7.0,175.9
Nandi,2015,0,1,11,21.5,58.0
Nandi,2016,1,0,16,11.6,11.9
Nandi,2017,3,1,15,67.2,184.2
Nandi,2018,4,2,15,51.8,130.0
Nandi,2019,2,3,16,37.6,215.9
Nandi,2020,1,1,20,50.8,112.7
Nandi,2021,3,0,15,58.2,266.2
Nandi,2022,2,1,18,25.3,164.5
Nandi,2023,2,0,16,70.1,23.2
Nandi,2024,0,2,22,42.1,242.1
Nandi,2025,4,1,17,26.3,140.6
Kiambu,2000,0,3,0,13.5,108.6
Kiambu,2001,1,1,0,36.6,134.8
Kiambu,2002,1,2,0,3.5,11.7
Kiambu,2003,1,3,2,17.2,55.6
Kiambu,2004,1,1,3,46.8,146.3
Kiambu,2005,2,1,4,11.0,215.3
Kiambu,2006,0,0,2,50.7,101.9
Kiambu,2007,1,2,8,5.7,172.3
Kiambu,2008,2,2,7,57.0,232.6
Kiambu,2009,1,0,10,7.1,98.5
Kiambu,2010,3,2,7,28.1,208.2
Kiambu,2011,0,1,12,59.3,136.4
Kiambu,2012,3,1,8,35.5,34.8
Kiambu,2013,2,2,9,6.9,159.1
Kiambu,2014,0,0,8,37.5,138.2
Kiambu,2015,3,0,17,8.7,104.5
Kiambu,2016,0,1,16,39.6,93.7
Kiambu,2017,1,0,14,43.8,146.9
Kiambu,2018,1,3,11,20.2,27.4
Kiambu,2019,3,1,16,16.0,108.2
Kiambu,2020,1,3,17,72.6,191.6
Kiambu,2021,2,2,19,29.6,10.0
Kiambu,2022,1,1,16,12.9,192.3
Kiambu,2023,2,3,16,10.8,84.0
Kiambu,2024,1,2,21,32.8,151.0
Kiambu,2025,4,0,22,66.9,104.5
Isiolo,2000,2,4,0,35.9,52.0
Isiolo,2001,1,7,4,8.0,204.8
Isiolo,2002,1,7,2,18.8,127.7
Isiolo,2003,2,3,2,15.0,34.8
Isiolo,2004,5,4,2,21.0,175.9
Isiolo,2005,4,6,8,46.0,198.7
Isiolo,2006,6,2,10,10.4,126.8
Isiolo,2007,7,3,3,39.9,21.3
Isiolo,2008,5,6,7,27.3,100.6
Isiolo,2009,1,5,8,38.6,226.0
Isiolo,2010,8,4,11,14.9,77.6
Isiolo,2011,2,3,12,47.1,180.5
Isiolo,2012,3,4,9,32.2,31.8
Isiolo,2013,4,6,10,54.9,201.4
Isiolo,2014,4,8,12,52.0,158.1
Isiolo,2015,4,8,13,12.2,263.5
Isiolo,2016,5,2,12,64.9,33.8
Isiolo,2017,2,5,12,55.2,189.4
Isiolo,2018,2,5,17,28.5,235.3
Isiolo,2019,6,7,17,20.2,56.1
Isiolo,2020,3,6,16,38.5,119.7
Isiolo,2021,7,5,14,47.7,49.9
Isiolo,2022,7,8,17,45.5,218.9
Isiolo,2023,4,3,22,25.5,33.0
Isiolo,2024,3,9,22,30.5,124.2
Isiolo,2025,5,3,18,62.6,37.5
Kakamega,2000,1,0,3,14.0,135.1
Kakamega,2001,0,1,3,19.0,26.7
Kakamega,2002,5,3,4,27.4,121.0
Kakamega,2003,0,1,2,12.8,187.4
Kakamega,2004,3,2,7,34.5,90.6
Kakamega,2005,1,0,5,23.6,115.6
Kakamega,2006,1,0,10,27.6,35.1
Kakamega,2007,0,3,7,10.9,180.1
Kakamega,2008,1,0,5,46.8,217.9
Kakamega,2009,0,1,8,16.6,142.6
Kakamega,2010,0,2,10,15.4,23.7
Kakamega,2011,2,1,11,63.1,28.1
Kakamega,2012,0,0,11,5.2,160.6
Kakamega,2013,0,1,13,31.9,16.5
Kakamega,2014,1,1,13,26.0,198.1
Kakamega,2015,2,1,12,57.8,241.4
Kakamega,2016,1,1,16,46.2,153.4
Kakamega,2017,2,0,15,61.2,109.2
Kakamega,2018,1,2,12,59.1,142.6
Kakamega,2019,1,2,13,39.4,251.0
Kakamega,2020,5,0,21,33.8,176.3
Kakamega,2021,1,2,15,46.3,227.0
Kakamega,2022,1,0,20,6.7,164.4
Kakamega,2023,1,3,19,34.9,182.6
Kakamega,2024,1,3,18,17.8,145.7
Kakamega,2025,4,2,22,18.3,304.2
Bungoma,2000,3,0,3,27.5,5.3
Bungoma,2001,2,2,4,27.0,124.4
Bungoma,2002,1,1,1,5.9,138.7
Bungoma,2003,1,2,3,20.2,12.8
Bungoma,2004,1,3,6,18.4,124.8
Bungoma,2005,1,0,1,31.5,160.1
Bungoma,2006,0,1,8,18.2,68.8
Bungoma,2007,0,2,3,56.4,96.2
Bungoma,2008,0,2,6,56.7,235.8
Bungoma,2009,0,1,7,9.2,132.3
Bungoma,2010,0,4,10,12.6,189.4
Bungoma,2011,3,2,12,61.3,88.6
Bungoma,2012,0,3,11,35.3,42.6
Bungoma,2013,1,1,14,6.4,41.0
Bungoma,2014,1,1,15,64.7,158.2
Bungoma,2015,3,4,11,34.9,259.2
Bungoma,2016,1,3,15,64.3,129.5
Bungoma,2017,0,4,18,21.5,145.5
Bungoma,2018,1,0,14,12.3,107.1
Bungoma,2019,4,2,17,2.4,192.6
Bungoma,2020,1,1,17,8.3,76.9
Bungoma,2021,2,0,20,67.3,26.5
Bungoma,2022,1,0,21,30.5,268.3
Bungoma,2023,0,3,22,40.0,39.4
Bungoma,2024,1,0,23,68.7,55.5
Bungoma,2025,0,2,18,12.4,171.3
Mombasa,2000,2,0,0,37.6,198.7
Mombasa,2001,2,1,4,40.2,96.7
Mombasa,2002,0,2,0,51.4,147.6
Mombasa,2003,0,1,1,15.5,30.1
Mombasa,2004,3,2,1,21.5,41.8
Mombasa,2005,0,2,2,30.9,10.8
Mombasa,2006,0,1,3,43.4,201.1
Mombasa,2007,1,1,3,58.2,177.1
Mombasa,2008,1,1,4,44.8,232.5
Mombasa,2009,2,2,5,33.5,155.7
Mombasa,2010,2,0,9,30.8,206.7
Mombasa,2011,2,2,9,48.0,63.2
Mombasa,2012,0,1,12,48.6,219.3
Mombasa,2013,0,1,13,35.6,206.1
Mombasa,2014,1,0,9,25.0,197.4
Mombasa,2015,3,2,14,37.1,19.0
Mombasa,2016,2,0,17,63.5,272.0
Mombasa,2017,0,0,18,6.2,32.9
Mombasa,2018,2,1,13,40.5,157.9
Mombasa,2019,0,2,14,34.8,207.3
Mombasa,2020,1,2,17,25.8,172.3
Mombasa,2021,1,3,22,61.7,262.6
Mombasa,2022,1,1,15,48.9,210.9
Mombasa,2023,1,2,22,32.8,292.1
Mombasa,2024,2,2,20,65.5,139.1
Mombasa,2025,3,0,18,31.8,37.0
Busia,2000,2,2,0,47.9,82.4
Busia,2001,3,2,0,9.8,95.7
Busia,2002,2,1,5,50.4,91.3
Busia,2003,2,3,4,32.3,182.2
Busia,2004,4,0,4,24.1,86.7
Busia,2005,3,0,3,19.4,166.9
Busia,2006,2,1,10,43.8,149.7
Busia,2007,4,1,4,13.7,182.2
Busia,2008,5,2,6,14.9,210.8
Busia,2009,2,0,7,51.7,159.2
Busia,2010,3,2,8,41.0,188.2
Busia,2011,1,1,14,4.0,190.2
Busia,2012,3,1,7,29.5,127.7
Busia,2013,3,2,14,65.5,102.4
Busia,2014,4,1,10,45.8,224.9
Busia,2015,2,1,14,38.0,135.9
Busia,2016,4,2,11,32.8,159.3
Busia,2017,4,3,18,43.2,16.5
Busia,2018,3,3,18,59.3,140.0
Busia,2019,6,0,19,23.6,200.2
Busia,2020,4,6,18,23.4,205.7
Busia,2021,8,2,20,22.6,285.0
Busia,2022,1,0,15,61.0,294.0
Busia,2023,7,1,20,45.4,89.3
Busia,2024,10,1,18,38.9,62.2
Busia,2025,2,0,17,71.1,23.6
Mandera,2000,2,4,1,48.3,96.8
Mandera,2001,0,1,2,45.5,159.1
Mandera,2002,1,4,6,9.0,12.1
Mandera,2003,1,3,3,3.3,172.5
Mandera,2004,0,2,6,43.3,85.6
Mandera,2005,2,3,7,9.8,12.7
Mandera,2006,0,6,3,3.0,219.1
Mandera,2007,1,6,10,57.4,167.1
Mandera,2008,5,7,7,15.7,154.3
Mandera,2009,0,2,6,24.2,56.5
Mandera,2010,2,8,5,24.2,224.8
Mandera,2011,1,3,12,26.3,19.4
Mandera,2012,2,6,8,43.3,16.5
Mandera,2013,2,2,11,19.4,43.8
Mandera,2014,1,1,12,47.3,60.9
Mandera,2015,0,6,16,67.5,212.1
Mandera,2016,2,6,13,21.3,141.9
Mandera,2017,1,6,18,70.6,208.6
Mandera,2018,0,4,19,29.2,39.6
Mandera,2019,3,2,12,53.1,141.8
Mandera,2020,1,9,19,74.3,226.3
Mandera,2021,1,4,14,74.3,81.5
Mandera,2022,1,6,21,59.4,69.0
Mandera,2023,4,6,20,76.6,259.8
Mandera,2024,1,4,18,75.3,209.8
Mandera,2025,1,8,21,69.5,84.4
Nyeri,2000,1,1,4,22.2,81.1
Nyeri,2001,1,1,0,50.8,190.4
Nyeri,2002,2,0,2,50.2,105.2
Nyeri,2003,0,2,2,35.6,192.2
Nyeri,2004,0,1,1,37.1,137.6
Nyeri,2005,2,0,3,3.3,89.0
Nyeri,2006,0,1,5,40.3,143.2
Nyeri,2007,0,1,10,18.8,57.9
Nyeri,2008,0,0,8,56.7,210.2
Nyeri,2009,0,2,6,58.7,156.0
Nyeri,2010,0,3,6,15.2,108.4
Nyeri,2011,1,1,6,34.8,64.1
Nyeri,2012,1,1,8,16.2,159.6
Nyeri,2013,2,5,14,63.9,221.8
Nyeri,2014,1,0,11,32.8,118.3
Nyeri,2015,2,1,10,17.9,83.2
Nyeri,2016,1,1,11,25.7,272.8
Nyeri,2017,0,2,18,39.3,57.4
Nyeri,2018,0,3,19,16.6,66.0
Nyeri,2019,0,2,14,27.0,86.8
Nyeri,2020,3,2,15,22.2,147.7
Nyeri,2021,3,0,20,73.7,143.8
Nyeri,2022,1,2,21,24.5,68.5
Nyeri,2023,2,1,16,8.4,76.9
Nyeri,2024,2,0,19,34.7,178.0
Nyeri,2025,1,0,20,5.3,307.1
Trans Nzoia,2000,1,0,0,29.1,182.9
Trans Nzoia,2001,2,0,0,15.6,94.9
Trans Nzoia,2002,0,0,4,15.4,179.6
Trans Nzoia,2003,0,1,1,1.4,79.9
Trans Nzoia,2004,1,4,8,42.1,164.0
Trans Nzoia,2005,0,1,6,17.8,195.3
Trans Nzoia,2006,1,1,8,1.9,180.2
Trans Nzoia,2007,0,0,10,10.7,34.9
Trans Nzoia,2008,0,1,6,37.6,36.1
Trans Nzoia,2009,1,0,12,36.3,126.0
Trans Nzoia,2010,0,1,12,32.7,129.6
Trans Nzoia,2011,1,0,10,60.7,72.3
Trans Nzoia,2012,1,2,14,16.2,18.4
Trans Nzoia,2013,0,2,14,42.5,116.9
Trans Nzoia,2014,2,0,9,58.7,51.3
Trans Nzoia,2015,2,4,16,59.0,108.4
Trans Nzoia,2016,1,1,11,27.9,133.2
Trans Nzoia,2017,1,1,11,48.5,113.2
Trans Nzoia,2018,1,2,12,36.2,225.9
Trans Nzoia,2019,1,0,14,33.2,135.9
Trans Nzoia,2020,1,2,16,45.7,231.6
Trans Nzoia,2021,2,1,15,15.1,233.0
Trans Nzoia,2022,1,2,18,44.9,72.5
Trans Nzoia,2023,0,2,22,56.6,41.9
Trans Nzoia,2024,4,2,17,66.1,158.3
Trans Nzoia,2025,2,2,21,33.5,266.0
Makueni,2000,0,2,0,11.1,97.3
Makueni,2001,1,0,2,28.8,162.9
Makueni,2002,0,2,5,28.3,27.5
Makueni,2003,3,2,3,17.1,87.1
Makueni,2004,1,5,1,4.0,185.8
Makueni,2005,2,1,7,17.1,99.9
Makueni,2006,1,1,8,30.6,124.8
Makueni,2007,3,1,10,1.6,20.0
Makueni,2008,2,0,10,42.9,150.0
Makueni,2009,1,1,10,37.4,133.0
Makueni,2010,1,5,10,2.1,210.6
Makueni,2011,0,2,6,8.0,16.0
Makueni,2012,1,2,13,33.2,247.0
Makueni,2013,3,0,10,52.8,101.7
Makueni,2014,1,0,11,6.1,60.0
Makueni,2015,0,0,15,56.8,216.8
Makueni,2016,2,1,14,9.4,92.0
Makueni,2017,0,1,12,30.1,234.8
Makueni,2018,2,2,19,14.6,53.0
Makueni,2019,2,2,13,62.8,43.3
Makueni,2020,1,0,16,53.7,122.4
Makueni,2021,1,0,22,70.2,159.6
Makueni,2022,2,1,18,18.8,35.2
Makueni,2023,5,2,21,9.6,139.6
Makueni,2024,0,1,24,75.0,197.2
Makueni,2025,3,5,23,30.8,29.7
Murang'a,2000,1,1,0,7.2,181.7
Murang'a,2001,2,1,0,4.2,26.0
Murang'a,2002,0,1,4,46.8,124.0
Murang'a,2003,0,1,0,15.1,154.0
Murang'a,2004,1,2,6,16.5,114.4
Murang'a,2005,1,0,6,9.2,13.0
Murang'a,2006,3,4,9,18.4,32.0
Murang'a,2007,1,2,3,47.2,34.9
Murang'a,2008,0,1,4,31.2,234.6
Murang'a,2009,1,1,11,33.7,152.3
Murang'a,2010,2,2,6,24.6,223.3
Murang'a,2011,1,1,7,59.1,41.7
Murang'a,2012,2,1,11,4.5,59.2
Murang'a,2013,4,0,10,44.9,27.2
Murang'a,2014,3,1,15,28.2,212.1
Murang'a,2015,1,1,16,51.7,202.0
Murang'a,2016,0,3,17,61.3,220.2
Murang'a,2017,2,1,16,43.3,44.1
Murang'a,2018,0,0,19,59.3,69.1
Murang'a,2019,2,1,17,36.3,69.3
Murang'a,2020,3,3,16,35.1,116.4
Murang'a,2021,2,2,20,48.9,63.0
Murang'a,2022,1,1,22,18.6,290.1
Murang'a,2023,2,4,23,16.4,135.9
Murang'a,2024,3,0,24,78.0,216.3
Murang'a,2025,0,0,19,81.0,44.2
Meru,2000,3,2,0,46.9,74.9
Meru,2001,0,1,5,33.5,47.6
Meru,2002,0,1,4,5.6,17.6
Meru,2003,1,2,0,28.0,104.0
Meru,2004,1,1,3,23.0,94.1
Meru,2005,1,1,6,15.0,70.4
Meru,2006,0,0,9,20.3,21.4
Meru,2007,0,0,4,5.6,34.7
Meru,2008,1,1,10,27.4,23.1
Meru,2009,1,2,10,6.9,159.0
Meru,2010,0,0,5,51.0,205.0
Meru,2011,0,2,9,59.0,210.5
Meru,2012,1,2,9,20.8,192.5
Meru,2013,4,1,15,50.7,86.0
Meru,2014,0,3,9,3.6,158.8
Meru,2015,0,2,13,54.8,9.2
Meru,2016,1,2,13,10.5,228.0
Meru,2017,2,4,19,27.1,113.3
Meru,2018,1,2,18,47.6,166.5
Meru,2019,4,1,20,24.1,62.7
Meru,2020,2,2,14,15.1,90.9
Meru,2021,2,2,16,38.8,67.5
Meru,2022,0,2,18,9.8,82.2
Meru,2023,3,1,22,2.4,8.7
Meru,2024,1,1,21,52.4,29.5
Meru,2025,1,2,17,37.1,225.1
Tharaka Nithi,2000,1,0,0,30.6,150.5
Tharaka Nithi,2001,1,4,4,6.3,164.8
Tharaka Nithi,2002,3,1,2,18.8,164.0
Tharaka Nithi,2003,2,1,1,4.3,172.0
Tharaka Nithi,2004,0,1,1,30.6,123.9
Tharaka Nithi,2005,1,2,9,8.4,33.3
Tharaka Nithi,2006,2,1,8,53.7,108.0
Tharaka Nithi,2007,0,2,10,54.4,53.4
Tharaka Nithi,2008,2,1,6,30.6,205.4
Tharaka Nithi,2009,2,1,9,41.5,48.8
Tharaka Nithi,2010,1,1,7,10.3,145.0
Tharaka Nithi,2011,0,5,6,13.7,49.7
Tharaka Nithi,2012,4,1,13,47.8,73.1
Tharaka Nithi,2013,1,1,13,38.1,95.5
Tharaka Nithi,2014,1,3,15,66.6,179.4
Tharaka Nithi,2015,1,1,13,25.3,17.6
Tharaka Nithi,2016,1,2,17,61.4,213.2
Tharaka Nithi,2017,0,0,17,42.6,233.2
Tharaka Nithi,2018,1,0,13,68.8,210.3
Tharaka Nithi,2019,2,3,15,58.3,282.2
Tharaka Nithi,2020,1,2,18,6.3,278.6
Tharaka Nithi,2021,2,0,16,44.2,280.9
Tharaka Nithi,2022,1,1,18,60.5,83.5
Tharaka Nithi,2023,1,3,22,45.4,96.9
Tharaka Nithi,2024,3,1,22,64.4,180.4
Tharaka Nithi,2025,1,0,18,80.6,193.5
Homa Bay,2000,6,2,0,39.7,117.5
Homa Bay,2001,7,1,0,40.8,25.7
Homa Bay,2002,7,1,0,47.6,23.7
Homa Bay,2003,3,1,4,2.5,10.6
Homa Bay,2004,2,0,4,16.7,70.1
Homa Bay,2005,4,1,5,34.5,158.7
Homa Bay,2006,0,1,9,24.5,150.1
Homa Bay,2007,7,3,9,56.8,68.0
Homa Bay,2008,6,2,6,58.1,110.2
Homa Bay,2009,5,1,12,32.4,65.9
Homa Bay,2010,2,2,7,60.8,126.2
Homa Bay,2011,5,1,12,55.7,79.7
Homa Bay,2012,5,2,9,44.3,42.9
Homa Bay,2013,4,1,8,31.6,140.5
Homa Bay,2014,3,2,13,12.7,18.2
Homa Bay,2015,6,2,15,54.1,153.3
Homa Bay,2016,4,0,11,8.4,253.2
Homa Bay,2017,8,1,15,61.5,247.2
Homa Bay,2018,5,0,15,16.1,37.0
Homa Bay,2019,4,0,13,27.2,70.8
Homa Bay,2020,4,1,20,6.7,111.5
Homa Bay,2021,4,2,16,54.5,174.4
Homa Bay,2022,5,2,19,62.4,38.7
Homa Bay,2023,2,3,19,27.9,16.7
Homa Bay,2024,2,3,21,43.3,207.6
Homa Bay,2025,6,1,24,33.4,160.8
Narok,2000,1,3,0,48.9,195.4
Narok,2001,1,2,6,27.1,92.4
Narok,2002,0,0,6,28.7,51.6
Narok,2003,2,0,1,8.0,11.9
Narok,2004,0,3,6,30.3,126.8
Narok,2005,1,0,4,29.0,61.0
Narok,2006,2,4,5,30.2,150.8
Narok,2007,2,1,9,43.0,116.0
Narok,2008,1,1,9,36.6,71.7
Narok,2009,2,0,6,50.7,158.1
Narok,2010,0,0,7,6.4,107.8
Narok,2011,3,1,13,62.9,217.9
Narok,2012,0,1,7,42.5,257.2
Narok,2013,0,1,11,53.0,140.7
Narok,2014,0,2,9,19.8,258.1
Narok,2015,1,2,10,53.5,89.7
Narok,2016,2,2,13,4.9,39.1
Narok,2017,4,1,12,60.6,277.8
Narok,2018,1,0,19,49.6,252.4
Narok,2019,2,2,13,60.5,60.4
Narok,2020,2,2,21,30.9,199.4
Narok,2021,0,2,20,74.3,199.6
Narok,2022,1,0,15,20.2,60.9
Narok,2023,4,1,18,64.7,300.7
Narok,2024,1,3,19,78.9,248.2
Narok,2025,0,1,24,61.7,49.8
Samburu,2000,0,0,0,6.1,157.0
Samburu,2001,0,3,5,7.2,76.0
Samburu,2002,3,0,2,26.2,142.8
Samburu,2003,1,1,6,44.9,151.6
Samburu,2004,1,1,7,34.3,95.9
Samburu,2005,0,1,4,52.6,39.8
Samburu,2006,1,0,9,25.1,77.4
Samburu,2007,1,0,5,37.5,160.9
Samburu,2008,1,0,10,23.5,188.2
Samburu,2009,0,1,6,50.4,206.6
Samburu,2010,0,2,6,14.8,135.8
Samburu,2011,1,1,10,24.1,22.8
Samburu,2012,1,2,8,59.3,84.2
Samburu,2013,2,1,9,20.9,248.5
Samburu,2014,1,0,9,32.4,146.2
Samburu,2015,1,0,11,3.0,186.9
Samburu,2016,1,2,18,57.4,30.4
Samburu,2017,2,0,13,49.7,238.4
Samburu,2018,1,1,16,47.5,210.6
Samburu,2019,3,3,15,2.7,251.6
Samburu,2020,1,1,17,21.5,139.9
Samburu,2021,0,2,14,40.9,247.7
Samburu,2022,1,4,20,47.7,281.1
Samburu,2023,0,1,21,13.8,265.3
Samburu,2024,2,0,17,32.0,104.1
Samburu,2025,4,2,21,65.7,185.6
Embu,2000,1,0,1,42.0,78.0
Embu,2001,1,1,0,14.2,200.0
Embu,2002,1,1,4,19.1,187.0
Embu,2003,2,2,4,44.1,142.1
Embu,2004,2,0,6,30.0,67.3
Embu,2005,1,0,7,51.0,202.5
Embu,2006,0,0,9,57.4,34.2
Embu,2007,3,2,4,54.1,22.2
Embu,2008,1,1,6,33.8,180.6
Embu,2009,3,3,4,29.9,20.5
Embu,2010,0,1,9,44.3,112.0
Embu,2011,1,0,7,31.9,7.6
Embu,2012,2,0,14,6.0,164.3
Embu,2013,2,1,15,42.9,42.1
Embu,2014,1,1,8,10.3,221.9
Embu,2015,1,1,16,25.6,120.3
Embu,2016,2,2,12,45.5,220.9
Embu,2017,2,0,15,46.6,137.8
Embu,2018,2,0,12,48.5,231.5
Embu,2019,4,1,16,3.1,264.3
Embu,2020,4,3,19,54.6,196.8
Embu,2021,1,3,20,12.6,222.2
Embu,2022,4,1,17,30.9,116.9
Embu,2023,2,4,22,4.0,197.1
Embu,2024,1,1,23,69.5,157.4
Embu,2025,1,2,22,22.9,265.7
Kericho,2000,1,1,5,23.4,92.1
Kericho,2001,3,0,0,35.0,137.6
Kericho,2002,0,1,5,38.6,8.5
Kericho,2003,2,0,0,15.2,175.6
Kericho,2004,0,0,7,27.5,154.4
Kericho,2005,1,1,5,31.6,191.6
Kericho,2006,2,1,2,13.6,89.9
Kericho,2007,3,1,8,1.9,66.8
Kericho,2008,0,3,8,37.4,76.0
Kericho,2009,1,1,5,20.5,80.1
Kericho,2010,0,3,11,62.2,75.9
Kericho,2011,0,0,10,16.6,230.4
Kericho,2012,2,0,7,32.7,241.2
Kericho,2013,1,1,12,30.4,199.2
Kericho,2014,0,0,15,8.1,143.7
Kericho,2015,3,1,15,66.2,159.3
Kericho,2016,2,2,15,53.6,187.3
Kericho,2017,2,1,14,52.7,244.1
Kericho,2018,1,0,17,70.0,7.8
Kericho,2019,2,1,16,18.2,86.7
Kericho,2020,0,1,20,43.5,210.1
Kericho,2021,0,3,18,18.1,262.5
Kericho,2022,1,1,18,7.9,228.9
Kericho,2023,1,2,19,59.0,16.4
Kericho,2024,0,1,20,48.3,130.6
Kericho,2025,0,2,18,81.0,41.5
Migori,2000,3,1,0,32.7,169.6
Migori,2001,6,3,0,47.8,130.5
Migori,2002,1,1,3,36.3,30.0
Migori,2003,4,0,5,39.1,131.9
Migori,2004,4,0,4,41.9,72.4
Migori,2005,2,1,4,25.9,14.4
Migori,2006,6,0,9,9.6,177.8
Migori,2007,1,4,8,10.0,17.6
Migori,2008,4,1,4,38.4,52.2
Migori,2009,6,1,11,18.5,44.4
Migori,2010,5,1,11,14.7,204.1
Migori,2011,4,2,13,61.0,235.1
Migori,2012,2,1,13,47.5,159.9
Migori,2013,7,2,9,10.7,175.6
Migori,2014,6,1,11,2.0,187.6
Migori,2015,2,2,14,31.4,78.9
Migori,2016,10,0,10,7.4,175.5
Migori,2017,2,3,14,19.5,29.3
Migori,2018,2,1,16,47.2,169.2
Migori,2019,3,0,12,8.6,84.1
Migori,2020,4,3,18,48.4,47.1
Migori,2021,7,3,18,8.5,110.3
Migori,2022,6,1,17,48.9,115.4
Migori,2023,3,1,21,75.4,260.9
Migori,2024,4,1,20,62.8,209.6
Migori,2025,2,3,20,56.3,69.3
Marsabit,2000,1,2,0,19.8,95.3
Marsabit,2001,1,5,2,14.0,152.2
Marsabit,2002,1,2,0,26.5,24.5
Marsabit,2003,1,4,1,52.8,81.1
Marsabit,2004,2,3,2,21.5,7.5
Marsabit,2005,2,5,6,50.7,181.8
Marsabit,2006,0,2,8,20.3,19.4
Marsabit,2007,1,3,8,40.1,180.2
Marsabit,2008,0,4,8,8.6,192.7
Marsabit,2009,0,6,6,60.4,102.3
Marsabit,2010,3,6,8,29.9,139.7
Marsabit,2011,1,4,12,4.3,124.2
Marsabit,2012,2,3,13,33.6,64.3
Marsabit,2013,5,3,10,52.5,205.4
Marsabit,2014,0,3,11,52.6,247.5
Marsabit,2015,3,9,11,16.0,64.0
Marsabit,2016,0,7,14,23.8,194.2
Marsabit,2017,2,2,16,33.1,98.7
Marsabit,2018,1,6,11,53.7,280.5
Marsabit,2019,1,3,17,40.9,139.2
Marsabit,2020,1,6,19,57.0,71.8
Marsabit,2021,1,6,16,60.3,267.1
Marsabit,2022,0,7,20,45.4,208.5
Marsabit,2023,1,3,20,55.9,218.7
Marsabit,2024,0,6,24,20.3,130.5
Marsabit,2025,0,2,20,46.3,132.4
Kirinyaga,2000,2,0,0,46.5,62.7
Kirinyaga,2001,0,0,1,24.1,200.4
Kirinyaga,2002,0,1,0,35.2,65.7
Kirinyaga,2003,2,0,4,42.9,199.1
Kirinyaga,2004,0,0,5,54.9,186.0
Kirinyaga,2005,1,0,5,20.4,59.0
Kirinyaga,2006,2,1,8,40.9,25.8
Kirinyaga,2007,0,2,8,20.7,7.0
Kirinyaga,2008,1,0,10,47.0,107.2
Kirinyaga,2009,1,1,6,54.1,170.2
Kirinyaga,2010,1,1,6,6.3,18.7
Kirinyaga,2011,0,1,8,56.2,232.9
Kirinyaga,2012,5,0,13,44.3,162.6
Kirinyaga,2013,0,0,9,59.5,18.7
Kirinyaga,2014,1,1,15,43.5,185.7
Kirinyaga,2015,1,1,9,66.1,119.0
Kirinyaga,2016,2,4,10,16.5,7.9
Kirinyaga,2017,1,2,17,38.2,36.2
Kirinyaga,2018,3,1,15,20.0,223.5
Kirinyaga,2019,2,0,20,22.7,263.5
Kirinyaga,2020,2,1,20,42.9,131.3
Kirinyaga,2021,0,3,14,38.8,300.3
Kirinyaga,2022,2,0,20,37.9,200.4
Kirinyaga,2023,0,2,22,18.1,208.0
Kirinyaga,2024,2,1,20,15.1,221.9
Kirinyaga,2025,0,1,24,3.2,23.2
Kilifi,2000,1,0,2,14.1,30.8
Kilifi,2001,2,1,0,36.6,37.2
Kilifi,2002,3,4,0,32.0,36.3
Kilifi,2003,2,2,0,3.1,183.5
Kilifi,2004,1,0,3,9.3,198.1
Kilifi,2005,2,1,2,13.7,29.6
Kilifi,2006,1,0,5,46.2,225.9
Kilifi,2007,1,2,6,6.4,186.4
Kilifi,2008,1,1,3,1.3,27.9
Kilifi,2009,2,0,5,17.3,6.6
Kilifi,2010,0,1,13,2.0,169.6
Kilifi,2011,0,5,6,15.4,186.5
Kilifi,2012,1,0,14,58.4,213.6
Kilifi,2013,0,2,9,45.4,178.1
Kilifi,2014,3,1,16,33.6,101.3
Kilifi,2015,0,3,10,15.4,100.0
Kilifi,2016,1,0,13,44.9,231.6
Kilifi,2017,1,2,14,65.9,173.7
Kilifi,2018,1,4,14,30.2,160.2
Kilifi,2019,3,0,15,1.8,116.5
Kilifi,2020,1,0,15,6.8,151.7
Kilifi,2021,1,0,19,58.8,89.8
Kilifi,2022,1,0,21,38.6,79.9
Kilifi,2023,0,2,19,30.2,124.6
Kilifi,2024,1,2,19,75.6,113.4
Kilifi,2025,1,0,23,61.0,266.0
Siaya,2000,4,0,1,22.5,18.8
Siaya,2001,7,1,3,25.7,163.3
Siaya,2002,3,3,3,4.3,116.0
Siaya,2003,3,2,3,42.7,140.6
Siaya,2004,3,2,4,34.3,130.0
Siaya,2005,5,1,5,11.6,74.9
Siaya,2006,1,0,9,11.4,167.5
Siaya,2007,5,2,6,28.0,165.2
Siaya,2008,6,0,9,44.3,110.1
Siaya,2009,4,0,8,46.0,23.1
Siaya,2010,0,1,10,10.9,79.2
Siaya,2011,6,2,12,60.3,144.2
Siaya,2012,6,1,11,45.9,79.3
Siaya,2013,4,1,11,24.6,28.4
Siaya,2014,5,0,15,49.7,121.9
Siaya,2015,3,0,13,61.4,146.9
Siaya,2016,3,4,11,56.9,235.6
Siaya,2017,3,0,16,18.7,96.8
Siaya,2018,4,0,12,68.9,154.2
Siaya,2019,7,0,13,58.9,58.0
Siaya,2020,2,0,20,32.8,125.7
Siaya,2021,6,1,19,69.7,111.8
Siaya,2022,4,0,20,56.3,27.7
Siaya,2023,6,4,16,57.5,8.9
Siaya,2024,3,4,19,79.2,242.7
Siaya,2025,2,0,23,72.2,121.3
Kajiado,2000,0,1,0,22.5,35.5
Kajiado,2001,2,1,2,30.1,117.0
Kajiado,2002,1,2,0,9.2,197.0
Kajiado,2003,2,1,2,44.6,83.8
Kajiado,2004,2,1,1,37.9,147.9
Kajiado,2005,1,1,4,10.5,18.0
Kajiado,2006,0,2,4,7.9,162.5
Kajiado,2007,0,2,3,55.6,223.5
Kajiado,2008,2,1,9,56.4,64.7
Kajiado,2009,1,0,5,58.6,9.2
Kajiado,2010,2,1,6,37.6,68.0
Kajiado,2011,1,0,13,39.0,241.2
Kajiado,2012,2,0,12,48.3,197.6
Kajiado,2013,3,1,14,44.5,151.6
Kajiado,2014,2,2,16,7.8,9.3
Kajiado,2015,1,1,10,35.3,147.1
Kajiado,2016,2,3,14,49.6,44.0
Kajiado,2017,0,0,14,24.7,267.4
Kajiado,2018,3,1,17,51.3,156.5
Kajiado,2019,3,1,13,55.0,217.8
Kajiado,2020,0,2,15,5.3,265.6
Kajiado,2021,0,0,17,59.5,237.3
Kajiado,2022,3,2,15,56.2,185.1
Kajiado,2023,2,0,22,77.2,44.4
Kajiado,2024,2,3,18,16.1,121.5
Kajiado,2025,0,3,22,4.0,189.7
Wajir,2000,1,7,0,11.3,73.9
Wajir,2001,0,4,5,34.0,49.2
Wajir,2002,1,4,4,11.6,35.0
Wajir,2003,1,4,7,52.4,162.1
Wajir,2004,0,3,8,24.3,31.8
Wajir,2005,1,2,2,24.4,120.7
Wajir,2006,2,5,9,19.1,178.6
Wajir,2007,2,3,10,54.7,220.1
Wajir,2008,0,5,10,29.5,154.5
Wajir,2009,2,3,10,43.2,152.1
Wajir,2010,0,6,7,50.0,178.8
Wajir,2011,0,5,10,7.7,220.8
Wajir,2012,0,0,13,32.7,45.5
Wajir,2013,0,2,11,25.3,151.9
Wajir,2014,0,1,10,10.2,131.3
Wajir,2015,2,7,10,42.3,78.3
Wajir,2016,1,5,13,27.1,251.2
Wajir,2017,0,8,13,9.2,118.9
Wajir,2018,4,7,12,20.8,36.0
Wajir,2019,1,3,14,31.1,118.8
Wajir,2020,1,2,18,44.6,28.3
Wajir,2021,2,8,20,40.0,224.3
Wajir,2022,4,7,15,56.7,41.9
Wajir,2023,0,7,18,70.9,120.1
Wajir,2024,4,6,20,25.9,305.7
Wajir,2025,1,8,25,32.5,172.1
Nyandarua,2000,1,1,3,48.4,39.8
Nyandarua,2001,2,1,3,39.3,60.1
Nyandarua,2002,1,2,4,47.7,101.3
Nyandarua,2003,1,2,4,16.6,40.3
Nyandarua,2004,0,2,4,45.7,144.9
Nyandarua,2005,1,1,5,37.7,155.9
Nyandarua,2006,1,1,5,19.5,116.8
Nyandarua,2007,1,1,7,56.7,229.0
Nyandarua,2008,0,3,8,20.3,109.6
Nyandarua,2009,1,0,7,2.0,31.5
Nyandarua,2010,2,2,8,49.0,233.1
Nyandarua,2011,0,0,9,51.8,65.8
Nyandarua,2012,4,1,8,8.6,185.6
Nyandarua,2013,4,5,14,31.4,159.3
Nyandarua,2014,3,1,14,46.7,224.2
Nyandarua,2015,1,1,11,46.5,19.4
Nyandarua,2016,0,0,16,52.4,61.1
Nyandarua,2017,1,2,11,56.4,43.9
Nyandarua,2018,2,0,13,4.1,14.5
Nyandarua,2019,0,0,16,7.4,213.3
Nyandarua,2020,3,1,15,25.5,22.2
Nyandarua,2021,0,1,14,73.6,143.9
Nyandarua,2022,0,2,21,8.4,39.5
Nyandarua,2023,1,2,21,51.3,218.9
Nyandarua,2024,2,3,22,46.2,79.6
Nyandarua,2025,1,1,23,30.8,170.5
Eldoret,2000,2,0,0,24.2,24.2
Eldoret,2001,0,2,4,40.2,28.3
Eldoret,2002,1,0,4,41.4,9.7
Eldoret,2003,0,1,0,48.3,31.1
Eldoret,2004,1,1,2,36.0,37.3
Eldoret,2005,2,0,1,55.4,98.0
Eldoret,2006,0,1,9,14.9,131.0
Eldoret,2007,0,2,5,56.0,81.1
Eldoret,2008,0,1,8,3.8,235.8
Eldoret,2009,1,0,8,4.7,237.6
Eldoret,2010,2,2,10,27.1,47.9
Eldoret,2011,1,0,7,55.9,205.2
Eldoret,2012,1,0,11,9.7,153.6
Eldoret,2013,1,3,11,62.5,20.5
Eldoret,2014,3,1,13,60.3,229.4
Eldoret,2015,1,2,13,23.8,117.7
Eldoret,2016,3,0,17,33.8,145.5
Eldoret,2017,1,2,14,2.5,242.5
Eldoret,2018,1,3,16,55.7,54.5
Eldoret,2019,1,3,14,46.5,171.5
Eldoret,2020,1,2,14,52.3,66.1
Eldoret,2021,1,1,18,63.4,123.5
Eldoret,2022,1,3,20,59.0,38.1
Eldoret,2023,3,1,22,69.2,294.1
Eldoret,2024,4,1,19,30.3,228.2
Eldoret,2025,0,3,25,73.9,30.4
Laikipia,2000,1,0,4,22.6,132.7
Laikipia,2001,3,0,6,34.1,142.7
Laikipia,2002,3,0,3,52.2,83.4
Laikipia,2003,1,1,6,40.6,130.3
Laikipia,2004,2,1,6,30.2,29.9
Laikipia,2005,0,4,4,12.0,83.2
Laikipia,2006,5,1,9,55.0,34.0
Laikipia,2007,2,1,7,24.8,113.2
Laikipia,2008,1,1,11,56.7,148.2
Laikipia,2009,0,1,12,57.0,18.9
Laikipia,2010,1,3,5,41.5,181.7
Laikipia,2011,2,2,12,6.4,160.4
Laikipia,2012,1,1,9,16.2,147.2
Laikipia,2013,1,1,9,27.2,92.9
Laikipia,2014,2,4,13,35.6,7.0
Laikipia,2015,2,2,11,58.0,152.9
Laikipia,2016,1,3,17,12.9,78.8
Laikipia,2017,1,1,13,45.9,93.3
Laikipia,2018,1,1,14,58.7,163.3
Laikipia,2019,4,0,19,31.6,205.7
Laikipia,2020,1,4,16,32.0,165.4
Laikipia,2021,2,1,17,49.7,233.3
Laikipia,2022,0,3,22,74.5,105.1
Laikipia,2023,3,2,21,61.3,189.8
Laikipia,2024,2,1,21,38.2,242.4
Laikipia,2025,1,0,22,34.1,61.1
Nyamira,2000,0,2,4,43.5,174.3
Nyamira,2001,4,2,3,8.6,155.9
Nyamira,2002,1,2,2,36.7,137.1
Nyamira,2003,0,2,5,6.6,155.9
Nyamira,2004,4,2,4,10.9,101.0
Nyamira,2005,2,0,4,46.0,73.1
Nyamira,2006,0,1,9,47.0,119.2
Nyamira,2007,2,2,9,53.4,212.4
Nyamira,2008,1,1,5,23.3,60.9
Nyamira,2009,0,2,5,22.9,69.7
Nyamira,2010,3,2,8,41.6,176.0
Nyamira,2011,2,2,12,16.8,140.6
Nyamira,2012,2,0,10,4.6,90.4
Nyamira,2013,1,1,10,55.5,89.4
Nyamira,2014,0,2,9,62.9,180.1
Nyamira,2015,2,1,16,38.0,47.7
Nyamira,2016,1,3,13,13.5,231.3
Nyamira,2017,1,1,11,64.9,94.9
Nyamira,2018,2,4,19,48.8,246.1
Nyamira,2019,1,1,19,29.1,153.2
Nyamira,2020,2,1,20,31.3,224.3
Nyamira,2021,1,3,17,26.4,81.2
Nyamira,2022,1,3,15,73.2,190.1
Nyamira,2023,1,4,16,8.1,177.5
Nyamira,2024,1,2,23,52.6,166.8
Nyamira,2025,0,7,22,40.4,292.8
Nairobi,2000,2,2,0,1.7,14.4
Nairobi,2001,5,3,0,48.6,86.3
Nairobi,2002,3,0,2,30.7,151.0
Nairobi,2003,0,0,6,10.7,8.8
Nairobi,2004,1,0,1,52.9,126.3
Nairobi,2005,1,3,8,26.2,97.7
Nairobi,2006,2,0,7,31.2,86.3
Nairobi,2007,2,0,9,40.9,128.3
Nairobi,2008,0,0,10,7.9,8.6
Nairobi,2009,0,3,6,47.7,137.9
Nairobi,2010,0,3,13,39.6,128.8
Nairobi,2011,1,0,9,30.3,243.0
Nairobi,2012,3,3,11,53.3,202.7
Nairobi,2013,1,0,9,66.2,247.3
Nairobi,2014,1,2,10,60.7,144.2
Nairobi,2015,0,1,10,25.2,222.5
Nairobi,2016,1,3,10,21.2,160.6
Nairobi,2017,3,3,15,56.3,35.9
Nairobi,2018,0,2,14,52.5,270.2
Nairobi,2019,0,0,16,32.3,68.8
Nairobi,2020,2,3,20,50.8,46.7
Nairobi,2021,1,3,14,20.9,170.7
Nairobi,2022,2,1,17,6.8,235.3
Nairobi,2023,3,1,18,60.1,280.5
Nairobi,2024,2,2,23,35.4,32.2
Nairobi,2025,4,3,18,55.9,236.5
Kisumu,2000,6,2,3,48.8,186.5
Kisumu,2001,3,0,0,15.0,78.1
Kisumu,2002,5,0,1,47.4,178.1
Kisumu,2003,5,3,5,10.3,81.3
Kisumu,2004,6,1,2,26.6,140.3
Kisumu,2005,0,1,3,21.8,144.2
Kisumu,2006,1,1,4,36.3,101.5
Kisumu,2007,2,0,3,43.4,43.8
Kisumu,2008,2,0,5,3.2,127.9
Kisumu,2009,3,1,9,32.5,6.3
Kisumu,2010,5,0,7,40.9,216.3
Kisumu,2011,2,0,14,59.5,222.0
Kisumu,2012,4,0,10,62.9,207.6
Kisumu,2013,8,0,10,22.5,199.6
Kisumu,2014,4,2,16,42.5,45.2
Kisumu,2015,3,1,13,60.3,13.3
Kisumu,2016,4,1,14,56.7,256.6
Kisumu,2017,3,0,12,19.6,75.8
Kisumu,2018,5,2,18,38.9,198.1
Kisumu,2019,6,1,15,8.3,77.0
Kisumu,2020,4,0,20,32.7,143.8
Kisumu,2021,4,1,17,4.1,220.2
Kisumu,2022,4,2,17,32.0,39.3
Kisumu,2023,5,1,21,24.0,62.1
Kisumu,2024,3,1,23,32.4,303.1
Kisumu,2025,5,1,21,65.7,150.0
Kitui,2000,1,4,2,19.4,180.8
Kitui,2001,2,4,4,24.0,137.8
Kitui,2002,1,3,0,18.2,26.5
Kitui,2003,4,8,1,53.0,158.6
Kitui,2004,1,3,4,6.8,140.1
Kitui,2005,2,6,6,6.9,152.7
Kitui,2006,5,6,6,42.2,121.6
Kitui,2007,1,6,7,49.7,66.3
Kitui,2008,4,8,10,12.4,208.5
Kitui,2009,0,7,10,60.1,129.0
Kitui,2010,4,3,6,11.7,125.0
Kitui,2011,3,5,11,30.4,253.1
Kitui,2012,5,4,8,43.7,186.8
Kitui,2013,3,9,14,7.2,197.4
Kitui,2014,2,3,10,7.7,40.0
Kitui,2015,5,7,13,29.1,185.9
Kitui,2016,2,10,12,46.1,164.3
Kitui,2017,5,7,18,57.1,224.3
Kitui,2018,5,7,13,51.2,64.4
Kitui,2019,2,3,18,29.6,293.6
Kitui,2020,2,3,20,39.3,243.6
Kitui,2021,6,3,18,21.9,273.4
Kitui,2022,11,4,21,15.6,126.1
Kitui,2023,4,2,16,64.0,236.0
Kitui,2024,3,4,23,75.9,101.9
Kitui,2025,4,5,20,5.5,143.5
